galaxies_lens_mass_centre_0,galaxies_lens_mass_centre_1,galaxies_lens_mass_elliptical_comps_0,galaxies_lens_mass_elliptical_comps_1,galaxies_lens_mass_einstein_radius_value,galaxies_source_pixelization_shape_0,galaxies_source_pixelization_shape_1,galaxies_source_regularization_coefficient,log_likelihood,log_prior,log_posterior,weights
0.050759397932261606,0.027246708778606406,0.07821220779594945,0.05137646702901091,1.5075741320251188,32.55314230865054,28.330891301803007,5143.128295143807,-233641.34893079405,0.839337205522711,-233640.50959358853,0.0
0.02035622204664072,-0.03984585299558071,0.16096326132386518,0.04315002620926647,1.5563343602532003,28.295477731345727,43.36816195013084,772.9590890713764,-229760.25097364176,0.44982752495510586,-229759.8011461168,0.0
-0.007563728868963532,-0.037796346337998124,0.2799236389817009,-0.002244953734285121,1.664675235570445,43.463529044028874,20.508324149514245,622.7664125903402,-228443.59415965687,0.45736280968679693,-228443.1367968472,0.0
-0.00387287298640838,-0.091257939172014,0.1430922232377752,-0.0817637599127743,1.6497452297689679,27.464951397104542,38.889903454799764,552.6347724644235,-226798.72185718446,1.8092787077685208,-226796.91257847668,0.0
-0.011321703172038934,0.006287389402690691,0.25306369877389834,-0.022854832779719322,1.6435976714238671,36.822038173185405,25.18680454677838,414.0559883610875,-221761.97447279125,0.11784824348159556,-221761.85662454777,0.0
-0.033524590586638904,0.005202290529039198,0.2329780565376258,-0.012990213532138504,1.6034241670116727,36.58596450708589,23.323880406146486,163.05019894349883,-179271.3311080404,0.27366406004674987,-179271.05744398036,0.0
-0.025100260229104672,0.038113235674817954,0.24349290342016597,-0.009353731607850411,1.6524342782662953,25.15776805646918,30.554901022505256,92.55838923513727,-132652.31842794703,0.4769895936781991,-132651.84143835335,0.0
0.018930030250545914,0.04774801056297448,0.08879388959742743,-0.0258235782367552,1.5280443692838075,43.523541591550966,41.60014619880256,79.75276575289004,-111317.61482774482,0.6465011212654738,-111316.96832662355,0.0
0.05745992756503764,0.07341688230035417,0.17500016397371596,0.046702739337659054,1.5914863814493767,33.55308734777434,24.216156371115787,20.816060366753213,-27593.631608844564,1.7912499881631223,-27591.8403588564,0.0
-0.030832366538431584,0.04269558216830934,0.1316091339726193,-0.045183852213196755,1.547105889080195,31.419241536336788,22.93993517383243,6.801641938186291,-11810.213366124637,0.7448337953717851,-11809.468532329265,0.0
0.00010435279766927579,0.04385017980299807,0.10795056595966582,0.06273629045842155,1.5218696465075785,30.49100957790673,25.142794757854016,1.6135407975113105,-10193.018197427638,1.1164559435728147,-10191.901741484065,0.0
0.006870607655990435,0.012490652088776973,0.10647699565144968,0.021540086978326243,1.5158907163167445,43.212368020435484,34.97510139158117,1.190817659607931e-05,-7411.004337582832,83976.03974450055,76565.03540691771,0.0
-0.061506932516705366,-0.035926505615657474,0.24528280129821176,-0.015088966409468236,1.6595369909822313,37.130119464639336,27.887192846615235,6.673056727178562,-6989.847829211023,1.2457868740844482,-6988.602042336938,0.0
0.03451949553084803,-0.045540859323589575,0.10602236087703584,-0.04112949634420737,1.541046950474424,20.827801396943045,31.81867553451905,6.429347720032566e-05,-6822.789008838139,15554.444605282904,8731.655596444765,0.0
-0.025510892279210634,0.012470703732496547,0.1361111709394976,-0.06902211436639395,1.5215655736643505,38.592868659324424,24.297220407465822,5.413782006575522e-05,-6602.844543702691,18471.630783682238,11868.786239979547,0.0
0.007062691375463566,-0.027969439831360316,0.292689250579451,0.0013246971193542102,1.682969436161398,36.3437636317733,36.255087188305495,1.3121855543497323e-06,-6377.71230958569,762087.7066962554,755709.9943866697,0.0
0.06979571934316418,-0.05582009125482417,0.21253693888010378,-0.03335503804855636,1.5605827855011398,22.72585908261849,26.761648023282103,0.0016628399306284035,-6376.262011881354,603.0377216532297,-5773.224290228124,0.0
-0.016043801462179732,0.02237316021829106,0.19535132590660614,-0.04286103875454887,1.659079022052968,27.40531628150838,31.877207476284838,3.5639337753076906e-05,-6103.350138321497,28059.063668899165,21955.71353057767,0.0
0.0006913287200404935,0.09519971441791668,0.07362966334608262,-0.003144614915479911,1.618454917764238,41.745539875426005,37.36929358108097,0.00018560000477355084,-6002.862598494186,5389.844562739516,-613.0180357546706,0.0
-0.013334851842788749,0.02746756714959844,0.14771691342526042,0.05092785320480553,1.6494280654678544,42.08387465631435,38.55882720456155,0.00019786122990952989,-5953.829134923737,5054.273702080802,-899.5554328429353,0.0
-0.015195274245154038,0.008325622156504158,0.1632371072208415,0.020843657622087054,1.665304824981413,34.163282461931956,36.09375612424098,2.674547001962713e-05,-5927.413210789502,37389.58658114725,31462.173370357745,0.0
0.014237635166955191,0.03446905327853315,0.13350004090873452,0.008482809534876623,1.6812508998112465,33.17631686251709,31.48569646233859,0.0003895516653283139,-5863.518798099878,2567.3657101695794,-3296.1530879302986,0.0
-0.002850087259068096,-2.1435722268402517e-05,0.22624489293410843,0.04557619807330105,1.6290523053556152,31.362561588524585,38.692035657242194,2.5697056127782795e-06,-5461.399222977951,389149.6947166502,383688.29549367225,0.0
0.05531905661687181,0.004323832266827102,0.20323558504469477,-0.006397007759953459,1.5665402728092903,32.419939552492394,39.07200751615299,4.653753343130661e-05,-5428.084124590354,21488.662453222467,16060.578328632113,0.0
-0.004545585146048187,0.028699334051251028,0.20128205536767269,-0.0451668380843221,1.6288903237767047,41.65229361781044,26.22186357538389,1.617539501761609e-06,-5172.199044295032,618223.1177570915,613050.9187127965,0.0
-0.042107894890986354,-0.010602237936374739,0.22338861557912426,0.03315678594942716,1.590129961882538,33.84240247796517,31.508150859329543,2.3974702979865753e-05,-4746.673073954551,41711.05043699559,36964.377363041036,0.0
0.007444579325231175,0.05422050708508115,0.09731249468065327,0.027868927498128238,1.6059328680762754,29.889446689177866,25.104732331285422,2.9567153212633535e-06,-4642.946883065077,338213.8186262115,333570.8717431464,0.0
0.005482801116058474,0.07377941445200557,0.22817977984519358,0.021952454065460248,1.612986241658507,24.92549504804379,35.1598971466301,7.95722135200357e-06,-4487.760849697916,125673.11759609854,121185.35674640062,0.0
0.06593237197632064,0.03157479418489937,0.09031547696373639,-0.013661372389636297,1.560918838790354,42.28199850466193,22.562821185778645,0.0002930845899608598,-4082.187362978606,3413.147481856109,-669.0398811224968,0.0
0.02562881155977596,0.06415399212425857,0.0345543156126315,0.06898829801507966,1.571569073820756,33.35828416806709,25.073108128126123,0.011456822403149658,-4027.7510093875444,88.53318156318687,-3939.2178278243573,0.0
0.012836020799007404,-0.022161849781515496,0.24442329148182426,0.03200818504389191,1.6025722963903748,28.603762248579052,31.247391360273582,9.389278433609516e-05,-3968.1750142852907,10650.655206867697,6682.480192582407,0.0
-0.01496965678531472,-0.022410363442807384,0.13830891706469745,0.0008632209419462823,1.661744763820746,38.98956171832472,26.129025551318687,1.528650299267973,-3892.2117467309145,0.8374025270257449,-3891.3743442038885,0.0
0.025580880882959466,0.01486350979257603,0.06729181448903222,-0.017990338868065982,1.5236253384200202,43.774740456405766,26.28129715477625,0.517120305084441,-3697.1800779257646,2.278396584583875,-3694.901681341181,0.0
-0.005380539677934325,-0.05297415490439439,0.2552867458751963,0.037617139138939396,1.6707426570238153,22.702377409921738,29.916210737103917,0.009240682584788683,-3553.3675256871684,108.91262065331779,-3444.4549050338505,0.0
0.07434710919921905,0.026301115301353258,0.20068283564310718,-0.038848713584839746,1.6205961139393228,39.89396641230496,34.792292943167574,0.0007077952140108875,-3523.7481200048314,1414.1048186848502,-2109.643301319981,0.0
-0.06741140294469485,-0.012965001467703598,0.11755506076663473,-0.0503157714640628,1.5748896930087544,27.74979493909966,24.156575970553316,0.2502684742737518,-3296.183500092455,5.0167277241498365,-3291.166772368305,0.0
0.00744329238101666,0.021870468074764386,0.08736135681094573,0.06392229796868618,1.539639371030448,41.98555503042215,32.70445508535599,0.0022654137322287984,-3237.0438059593835,441.68280728560103,-2795.3609986737824,0.0
0.05695459107601125,-0.014618012043690157,0.09089820072307672,-0.014397603511847297,1.5584892413888785,41.68448976112317,20.005057221623392,0.001323075705011394,-3113.7131955176483,756.6162283370292,-2357.0969671806192,0.0
-0.006389543012729339,0.032757623903721916,0.1537831449135565,-0.045315488788701924,1.6021721929111257,42.2434846052668,28.76645526098158,0.0006839573908188726,-2973.240904882239,1462.3228071499516,-1510.9180977322876,0.0
-0.005005369667489422,-0.002678530095159134,0.2014796861927628,0.04947579059145382,1.6339975439381809,43.01517525536177,44.685322638811684,0.0038425211675594205,-2908.3011906720094,260.2944699874336,-2648.0067206845756,0.0
0.030006941248075288,0.012582309802158674,0.23546721924020678,-0.030444857020788377,1.5960189990487434,34.530132075241056,28.718436775380923,0.00031616700253825754,-2678.5057249709025,3163.1491512222788,484.64342625137624,0.0
-0.01613659286892402,0.020513578521335757,0.23870258799571045,0.0226125858485031,1.6461290590418012,21.55005883200323,39.967293003076676,0.00040604460658259187,-2601.3068188610087,2462.9719647216307,-138.33485413937797,0.0
0.021281750740761624,0.08495300667375426,0.23010240356290781,-0.006775277447722673,1.5783096532848129,20.014006212583464,22.795948668148853,1.2531857798252808,-2579.9272075465633,2.3401663717403,-2577.587041174823,0.0
0.004435048278216475,0.06709522675772638,0.08803313025970182,0.004625156869324782,1.6004528102306634,20.97150016039396,28.791114782987936,0.026889880703641608,-2281.5915399765663,38.16870948371518,-2243.422830492851,0.0
0.0027438767878642696,-0.0038303319838013136,0.06195120770992543,-0.011526423707058907,1.5489527755272139,37.413322015850184,29.794694655428756,0.01727303978577797,-2266.991950295871,58.075417585927006,-2208.916532709944,0.0
0.06191425613269996,0.06738244678067878,0.059605298965105,0.015803463325448002,1.6099504674135219,20.787209325843907,41.597405311710595,0.23970431599197448,-2246.380651605624,6.0024600721120285,-2240.3781915335117,0.0
0.014860799442914668,-0.013277594236658656,0.16219070111108327,-0.04164898907706831,1.5178080250940431,35.769962749740216,26.858279541639437,0.009605564097980053,-2179.6884471865196,104.23742943717237,-2075.451017749347,0.0
0.08788273521568059,0.04793294566290214,0.011971635951570636,-0.03075819960602029,1.5688407517896157,25.547057457271805,41.32460815147424,0.013625675641667579,-2149.31682694966,75.73955676284372,-2073.5772701868163,0.0
0.02681261643972263,-0.017669066139320323,0.12107252674190194,0.04559916862356421,1.585632432605081,25.62826227327239,29.0701336047764,0.9010120769857844,-2063.8202394521077,1.3900226615960625,-2062.4302167905116,0.0
0.06161108311483442,0.04613575562424741,0.13164994510656944,0.006600376696720244,1.5204732797218847,27.666502097037714,34.21924270050392,0.103850735615904,-1962.566885348483,10.847801854001023,-1951.719083494482,0.0
0.001100733622034967,-0.015109701193123297,0.07774385294264323,0.060888178354301256,1.5715812084631169,40.71129868093812,21.26117707462141,0.22927144101892005,-1912.2381764127113,4.585171796867301,-1907.6530046158439,0.0
-0.02383882698026135,0.05746697558695103,0.12089101036052405,-0.078044917446296,1.5911002518484012,32.12362899565561,41.08528014060812,0.006724007474468417,-1778.952106090297,149.5891320580094,-1629.3629740322876,0.0
-0.10274453937212823,-0.0874177484031897,0.18392460336511993,0.005495105675655278,1.5669043341816649,25.33507438977624,20.887415499177663,0.024226832463419373,-1732.7459638748333,44.94540739151679,-1687.8005564833165,0.0
-0.03468376371567168,-0.0010331056313936124,0.1798714198228228,-0.02788235083766959,1.5355608836260968,38.909620815304436,26.34247180133486,0.010475720192416927,-1496.5223444911599,95.72080424439208,-1400.8015402467677,0.0
0.01184671982304384,0.06372458383605763,0.19434625640307793,0.0347463737526262,1.5962657603223287,41.53948727393471,32.963367500796195,4.522680149642513,-1476.85439267732,1.0580646479932276,-1475.7963280293268,0.0
-0.020235341049298458,0.015777321298468466,0.18058235500518885,-0.02274003838845458,1.5404863936780422,32.85273352329401,37.26879716889972,0.006316150856353237,-1422.5224742064074,158.46689592443937,-1264.055578281968,0.0
0.06007606033809002,0.02340327192280195,0.1487871595524136,-0.004878650910683553,1.6326157868817102,25.512551263759974,25.051434465156543,0.012983895674593869,-1385.7120708296043,77.85922345819223,-1307.852847371412,0.0
0.0017023068431224512,0.034538599513689934,0.2705558074257586,-0.036174216697914034,1.6594184609753662,38.678316235417356,39.967694273546684,0.00829868368063689,-1319.6541941382284,120.8648201863491,-1198.7893739518793,0.0
0.1526535537689293,0.014351465760717825,0.1657085720825379,0.007426243917656516,1.5947678457358896,40.951110364299566,29.877997137571118,0.013197311635304024,-1222.1480836782684,80.48224162457846,-1141.66584205369,0.0
0.05445126374880412,0.005048958558501827,0.21399968863451171,-0.02186953076500228,1.636766448654268,24.42820813695652,26.918106185180378,0.007078931978581464,-1216.888712329277,141.89160915941204,-1074.997103169865,0.0
-0.044282950404134526,0.03025787580275097,0.14951700040863514,0.029302504858752913,1.623201281912933,37.163865150714784,31.567477191911387,0.004592951975099091,-1212.582279289264,218.30835459929878,-994.2739246899653,0.0
0.010228241415011323,-0.011958576141396822,0.23160606064430966,0.051238118457488324,1.6037524407303811,30.166384919858984,40.315472121793405,1.3643499945588664,-1143.9794127275181,0.8573929632657024,-1143.1220197642524,0.0
0.00039158748863732384,-0.05824340530169512,0.22884309996669164,-0.012559671969757267,1.6273727736010828,42.26247159165682,32.41724685706162,0.00590026686695565,-1142.2532174419384,170.2213466413443,-972.0318708005941,0.0
-0.024114273148901945,0.025260708648543188,0.2241861088370641,2.152298671806354e-05,1.6142996183796436,36.07268195223803,41.18730547411882,0.007014995870169249,-1138.11784629276,142.81353896669717,-995.3043073260629,0.0
-0.08368058869634738,-0.019310508821333353,0.2624235316314986,-0.03355062728466387,1.6882288267009855,37.28176085848048,40.637795367721225,0.012396521851882551,-1096.7073128128332,82.27404237220858,-1014.4332704406246,0.0
-0.034603800676755864,-0.06094285866763545,0.20726578758556,0.023814584186894635,1.5829577494378446,23.50488853137536,35.91799363740936,0.004126259793354566,-1086.131285829042,243.37159546977287,-842.7596903592693,0.0
-0.009031946431674789,0.016986617866935883,0.08953985260817474,-0.05246917058051751,1.5601953713150871,27.389025959814713,42.41739099666737,0.01594604578700259,-1058.0585152752665,62.91437220474745,-995.144143070519,0.0
0.03447323808798958,-0.03482641642082889,0.1599549814550268,-0.02997973811579637,1.6113691581764054,20.960845783248494,29.87341605078808,0.001351472683700643,-927.826600496961,740.4442341604157,-187.38236633654526,0.0
-0.024470631732071826,0.04683333451713917,0.19378968032729724,0.02040420897403184,1.54907723974881,26.398927529692045,42.99523007876303,0.01417815913696049,-833.9465998266041,71.08785743983567,-762.8587423867684,0.0
0.041672707573563485,0.06795671711602155,0.2166309194832561,0.039981811211449614,1.6203116364812067,34.525838528896514,29.162919845296585,1.6014433787438789,-829.6446664057221,1.914484447318324,-827.7301819584038,0.0
0.0997934067665008,-0.0029751286753440737,0.05707631842498037,0.0114433312642368,1.5587463499179792,35.96665757341977,44.28058666912325,0.02119965716984432,-790.9328341114051,49.3588375386714,-741.5739965727337,0.0
0.015033529038247683,-0.06377868691589342,0.23029474885143,0.02582010881280893,1.6503232498478533,24.852652876265413,40.354353510318646,0.7474109339063066,-787.6729522093337,2.2723149810037926,-785.40063722833,0.0
0.060487417831068306,0.02264665179727967,0.14562073274159265,0.04767895952985132,1.5707284867626548,36.93510470303352,23.99152697708441,0.07053999106329188,-745.6725562334077,15.04993031772947,-730.6226259156782,0.0
-0.024309678224693314,0.014906397327136124,0.07882989147785842,-0.0012383893387054006,1.5232247142435784,37.97524861232688,33.709881924447885,0.025090752881643953,-733.5300859986392,40.15028155026048,-693.3798044483786,0.0
0.012292311985148038,0.00786633135849127,0.12012367229688234,-0.007006851644363038,1.5993462677024126,31.760978400711803,39.254112739942315,0.0062697692059198356,-710.7788595270995,159.57745896223682,-551.2014005648626,0.0
-0.05171904176321717,0.0321581378961765,0.16425951443112072,0.012205364978221243,1.6495348107844279,34.01097742041672,34.49585296234361,0.013578904136249776,-587.1518234149898,74.38217712826952,-512.7696462867203,0.0
0.02405440524240149,0.03464016705977134,0.10736569581582643,0.06989509040245537,1.5786912422298234,44.67939659843044,23.249236476872586,0.0365216934958637,-516.4562567712383,27.84891837650903,-488.60733839472925,0.0
-0.03628572668414594,0.039542333716108914,0.1638576610498123,0.014807073683462754,1.6543780248891142,31.66732773760789,44.69883606322303,0.6074455598481325,-484.68422537636616,2.219950028570441,-482.4642753477957,0.0
0.08305797748124676,-0.02673600660819181,0.18321231073179703,-0.044276109934314,1.5469030979515705,35.29863894576854,29.429061705015513,0.06748209120137245,-458.4821400236051,16.390671938037144,-442.09146808556795,0.0
0.041549355131577155,-0.004563936743772203,0.24950744685987558,0.01094692264030411,1.661968461173381,32.360234642436595,31.85117793485688,0.021101423256226437,-444.9040351886333,47.82315901495747,-397.08087617367585,0.0
0.02257654222907618,0.03096164484311575,0.19916834487011476,0.022551256041055887,1.608169984426467,24.667725104866406,32.76804504740483,0.0024349863289764746,-401.3052026190171,410.97666233665507,9.671459717637958,0.0
-0.03371233773712719,0.029969297514535337,0.16931846140101037,-0.01999235342926991,1.5580449133337035,29.23994314902075,23.172655933121668,0.12978024861973247,-346.9290907729255,8.110775737297033,-338.8183150356285,0.0
0.004132379860794622,-0.009891257965448793,0.18282348830828696,0.015352129093544267,1.6293589009508653,28.70149237908631,27.555739433858996,0.003110083907464182,-316.013448200878,321.5676967594801,5.554248558602126,0.0
0.046994587715436055,0.010751372705384298,0.14023389493917365,-0.004061873270293859,1.540467977579515,26.031433016606528,31.369062992750806,0.19438603326272377,-223.28682766645397,5.636888065322026,-217.64993960113196,0.0
0.0024088404080376863,-0.051749908562593705,0.21251429964517313,-0.03479661331294221,1.6644813268676633,39.53338401592892,23.083300883278376,0.11363273457029564,-148.7125840039862,9.399974905253668,-139.31260909873254,0.0
-0.010595822807203678,0.030456422216823462,0.18238731651407245,-0.05514121210260989,1.5729747937711067,27.662937628868544,43.953667261314564,0.03719617507028539,-71.05473838946091,27.1218639682957,-43.93287442116521,0.0
-0.030317341828289726,0.11454183294422583,0.12504036590799644,0.04665799273623309,1.6051846848480693,26.157280306762978,37.11051214303045,0.16373182681839327,14.44397034845042,8.933258833564231,23.377229182014652,0.0
-0.09138485941101665,-0.04119160139192555,0.17902513931964809,-0.02905626462047021,1.598004206749115,33.76818014429247,24.989104673025636,0.03952770691821939,22.08075069298684,27.328009437233355,49.408760130220195,0.0
-0.02755138424764463,-0.029823882835463375,0.07194573358556679,0.012249056539054844,1.5702756516123655,35.90668259663592,38.0457360642384,0.2566589908092255,44.417424816685525,4.377776400042125,48.79520121672765,0.0
-0.07987019518323832,-0.09161013430436633,0.19564734785746757,0.0008585346334648173,1.609539373221198,27.962321905018992,43.495539752633434,0.016934017065948638,68.85938101648935,62.03952064455084,130.89890166104018,0.0
0.016127662451496372,0.05721924128257786,0.0843781642288842,-0.07519192891639898,1.5448485445515314,39.899513340928166,44.980265252303425,0.03411771164013074,101.27616022328493,30.18572790570745,131.46188812899237,0.0
-0.010262370792344069,0.022259190900057357,0.2030348477817872,0.018948664166886876,1.5425617800530635,44.4623668151565,39.468874388549764,0.03226781910689406,119.39815205448303,31.125390551272705,150.52354260575575,0.0
0.04110902859000755,0.06311453230895285,0.03790302924244329,-0.005691403294574552,1.5355813258742332,33.31101809181402,44.52320551626578,0.04988699767725279,238.57152251708612,21.415709433908432,259.98723195099456,0.0
0.03248646939332761,0.04506582535938856,0.10717951051692459,-0.08457094645328907,1.569486553918774,40.43006360067842,37.337732044018466,0.04922799965258934,242.8910534199931,21.070792083751407,263.96184550374454,0.0
0.01489061279356246,-0.0366967161501652,0.12903693538336972,-0.047235888428291004,1.609650465767751,43.50020546553568,29.85276450968952,0.031710384974198154,308.91315032108105,31.92069742327698,340.833847744358,0.0
-0.02785086528248705,0.0456056531601604,0.19657595102091077,-0.013620078288898213,1.6020112036219585,28.722204559177136,44.28828985305243,0.0220724758707285,322.5369630078494,45.86547299862818,368.4024360064776,0.0
-0.03708328561057967,0.010192125887853292,0.21106786543172879,-0.028297847570085705,1.6400473551146797,36.275585650000764,28.029882269895623,0.024778358053604163,331.2172623533688,40.6772561362757,371.8945184896445,0.0
0.020556290199823257,-0.003270370124531055,0.20580962921564414,-0.023699791691113956,1.5517937840054794,21.627116429395567,44.256650234386115,0.38758052578333785,366.8070569822057,2.6941559279747564,369.50121291018047,0.0
0.013799310526317117,-0.024311997658428182,0.1355400220861404,0.014641331393161275,1.5830033158510517,28.342736336326617,24.894349412185196,0.026936103199999617,389.1745203704895,37.316107615491056,426.49062798598055,0.0
0.044109565627838125,0.00453906768595658,0.14456914355057382,0.050642090674479265,1.5971098241386081,38.60317395930237,29.183423927178094,0.06537409271222905,391.3190767159249,15.736340708574492,407.0554174244994,0.0
-0.02432140960112783,0.017368048413148932,0.08479950753108355,0.05185341327391357,1.556549486669006,34.431194356579006,41.381667030225124,0.2676986613538613,402.8697788469017,4.052231946862549,406.92201079376423,0.0
0.025359314604188582,-0.039251574215842626,0.1390598899142329,-0.04381458707648406,1.5880608866689758,27.91184564749223,36.46013372143449,1.2945660425386358,449.0009050499102,1.2678930331044966,450.2687980830147,0.0
0.006623662033031613,-0.07580523485527874,0.19922460782933657,-0.04984070038234323,1.6153716855574345,26.936645469232502,27.10669196716209,0.35545582671363884,473.39666255356497,4.037366481834497,477.4340290353995,0.0
0.005961616947356686,0.0021949502453745937,0.17401818904318142,0.01538028888404169,1.5633430255879786,36.42778531067686,35.40340175301813,0.02781289245836394,490.7912735370501,35.969590513199435,526.7608640502496,0.0
0.02710546686157388,0.0010949220536761557,0.10604781751529492,-0.005287539955760983,1.5405016270642589,43.90216861272637,32.304307330455494,0.4373306195429472,507.9165502414435,2.5098565320700046,510.42640677351346,0.0
-0.021728934965480805,-0.027667999871901577,0.2528639335362586,0.04986785750149711,1.6380106423922252,37.281236924007885,31.308256438992636,0.4831246192786418,524.9404869452583,2.4332270275222743,527.3737139727806,0.0
-0.03364782462739142,-0.06353477651915738,0.19639123374521764,0.056531449359099456,1.6154962068716496,26.009283622463805,38.80865828072879,0.08234046617299991,556.8599071174658,13.244365947888706,570.1042730653545,0.0
0.011154418930548738,0.018563903355760445,0.18206561214299088,0.02890561798187133,1.5765109771264396,33.29199584373835,27.006240744894015,0.024527086752201662,575.8563418760095,40.871625543779686,616.7279674197893,0.0
0.013554205930698846,0.016309233300202272,0.1357486005016902,0.0049196612931950295,1.555002464906558,31.949429325475514,27.939123299061634,1.441329477335341,578.3124482332942,0.8069053755547715,579.1193536088489,0.0
-0.02115895435794196,0.03135226088654344,0.18558782019051487,0.031215658586785683,1.582115181741182,36.15070432757436,40.57970364822164,0.03890570420266822,579.7913438693886,25.99073840316482,605.7820822725535,0.0
-0.00638822832371338,-0.03897185354769699,0.1431905032429437,-0.046149522596308834,1.5972075832432064,40.50092148335857,24.52607413604514,0.9018518151452072,587.2121469666263,1.475740678306715,588.687887644933,0.0
0.04057195753166802,0.08213619326976367,0.2274955564941614,0.007082631194689354,1.6385301342112526,42.11868006359765,25.090061187466507,0.28499042577857214,594.880406483976,5.197670981944885,600.0780774659208,0.0
-0.028287403119142157,0.0118119899517976,0.12330988192762188,-0.025305670212129025,1.6429946900241206,36.128345916527614,34.77685623906247,0.2507447930289967,610.0800624045378,4.2201704439590575,614.3002328484969,0.0
-0.05628590979571778,-0.09839608078518078,0.22059012138769724,0.016868389110157176,1.5997511701465414,38.79832511868395,35.999541965068815,0.04117949273117879,643.7805841035988,26.912896067894486,670.6934801714933,0.0
-0.07211103857199341,-0.0729848017591559,0.22024105699178018,-0.027698041184691963,1.5935105688020068,36.67861945408757,33.17996124424165,0.740743202683873,648.5801482659244,3.510146316939406,652.0902945828639,0.0
-0.07429739812381929,0.003867716272659827,0.1919079127393087,-0.04519004918874629,1.6463810626827744,37.42393654941918,37.08299662141418,0.28286183738681603,660.7343284707713,4.671397725931862,665.4057261967032,0.0
-0.07783872594627204,-0.04334072494213165,0.22216407731349555,0.025857344889176233,1.6139944302697296,35.399116317558175,42.58664389210583,0.03857811236412134,661.2985717111078,27.55376964851756,688.8523413596254,0.0
-0.030063702781930667,0.003484718499181243,0.1548500291356193,-0.01813916286467152,1.6044548467630417,42.66935926013245,25.947025294765723,0.031211092027077544,670.940525474065,32.2304607505422,703.1709862246072,0.0
0.025906473530771683,0.001972102990252537,0.17939184849045905,0.0027499472713428505,1.659948266754457,33.47364881152524,36.333604106539894,0.056214221431893106,675.243851582336,17.936649662227364,693.1805012445634,0.0
0.018866850627080878,0.018453475386332522,0.11173494559858309,-0.013436118956536104,1.564111804387659,30.072787584317872,22.450419507937234,0.19970527674088823,680.2930660903912,5.201179288920977,685.4942453793122,0.0
0.05236243000391594,-0.001941141059031252,0.1578197530896489,0.020585755902213423,1.572648706132545,31.109388242152612,38.37482239616948,1.2127904603491073,728.3502171542004,1.3901565125759956,729.7403736667765,0.0
-0.03545125460980553,0.026378085134859047,0.22503602406650902,-0.013229940173442083,1.6575701031107468,25.03191651256686,43.00268913538521,0.3738716551938793,742.0135782511497,3.094926590272617,745.1085048414224,0.0
0.116549576182652,0.002340647913924196,0.15273983434651942,-4.8193744763691694e-05,1.6147581446790935,32.73629093360063,35.426218316701224,0.06524424090003246,781.1755537643876,18.059975835015948,799.2355295994035,0.0
0.006667475698818292,0.021330696530344775,0.19010505087175553,-0.03883506335627741,1.6383557866216911,24.521775679700752,42.81145792386156,0.05896289511949231,811.8596880605382,17.07839378040027,828.9380818409385,0.0
0.039456515179391846,-0.006198916690415062,0.23413050676866484,0.011897889261537564,1.6045345595221505,20.708899826187896,40.22541283596319,1.0756578427790902,826.986154140287,1.2961587083313297,828.2823128486183,0.0
0.01462594260918356,0.0639161823563259,0.26005324694551146,0.016802672725031366,1.613869993298074,34.96190538592631,25.93199485359072,0.3047544084689352,839.5368401781625,4.209402324898532,843.746242503061,0.0
0.00496370998679852,0.01990804519741701,0.27028912029399704,0.022879481672583465,1.662163502998554,44.32903741191042,31.748937487821642,0.38629061732327724,841.5426974083412,2.7933498702918538,844.336047278633,0.0
-0.0425267310542533,-0.01487173951819301,0.19510294105445966,0.0020986218171133325,1.5572833521076634,39.69395746861923,23.05633526464432,0.17541194809058608,841.8341364934049,6.119319194939091,847.953455688344,0.0
0.0355478540628017,-0.010003805218361465,0.19760557230690712,0.03492245828921963,1.569370311717936,34.8513979324284,36.47760780672898,0.05488774099867964,871.7824721050692,18.52113057754629,890.3036026826155,0.0
-0.08650578731792768,-0.07884063661035298,0.17191762702694208,-0.02044494179325363,1.6182931908827733,40.875401623058664,24.70832378914856,0.13146880987862777,914.7059326792978,10.375715901818367,925.0816485811162,0.0
0.006694569480531678,0.007058940820716449,0.11243061981869663,0.002839053598740112,1.5725994710205187,29.48999130454321,23.677956174870296,1.0216942659214945,915.9162900992696,1.0504556531471227,916.9667457524167,0.0
-0.034637901486596054,-0.018178648928930764,0.19561559219626856,0.0036248960658391075,1.6470032672056625,40.13476688144472,23.41081955993166,1.3857881743332152,921.2198831267324,1.0434324023983153,922.2633155291308,0.0
-0.015326464706550845,-0.042838942274828685,0.15303886294788552,0.005243203392440806,1.5767411231347688,29.093142041264983,44.76208682446949,3.012064971307288,939.3686626571853,0.7698181746034019,940.1384808317887,0.0
0.006395510890331494,-0.018617944092968682,0.10935906100553729,0.031649933795287695,1.610801848501197,35.66360004398197,33.26802601238522,0.23836030410796316,976.1964867372044,4.35020508966495,980.5466918268694,0.0
-0.03630104002384716,-0.033837997435751964,0.25135100741508076,0.00631383815855947,1.5955982750433082,29.008466911777713,29.986932551521598,0.3200738489631929,976.3111297468768,3.6962458743008844,980.0073756211776,0.0
-0.053085617480516704,0.03462138316561731,0.19581997222533254,-0.012907275466279223,1.5613221525574779,34.610327499523876,31.95089523592418,0.0977125155321917,1016.9843767980328,11.032864331789463,1028.0172411298222,0.0
0.02202240063495153,0.01976096316574074,0.1573189234485376,-0.04457758150209349,1.6450390572907527,33.10759089167193,43.24667838502674,0.11232040183968653,1017.0112225157809,9.108983731811936,1026.120206247593,0.0
-0.03328032936761927,0.00486213360941226,0.1393543032145302,4.210337949618053e-05,1.6041470612210937,32.2296499237374,38.25689857881798,0.04014700214539966,1025.5332947218485,25.14878422416326,1050.6820789460119,0.0
0.058635690722654045,0.026676150881009743,0.1439139106962767,-0.03217373264375222,1.6200625863078266,39.975861863368166,28.9555931974217,0.1939061696595126,1025.5821152981844,6.009625642810177,1031.5917409409944,0.0
0.027892343954617777,-0.016747439598747794,0.11991658161247534,0.049646593158104164,1.583923012190621,31.82687838980111,37.43977998281109,0.19806606428095608,1027.7568138461056,5.340787223544951,1033.0976010696506,0.0
0.03613564375190287,-0.015157203379460108,0.25349301811922836,0.0034662937686521012,1.6539614028920895,39.28833197330543,43.64678879902314,0.07072522622808715,1036.2205984361854,14.536539712422968,1050.7571381486084,0.0
0.0025592864683765607,-0.010990689788869487,0.16515406751309308,-0.01301452145103315,1.64569712324624,21.86311485162352,43.78679440475193,0.2688844657371111,1036.9136173840443,3.759316594722605,1040.6729339787669,0.0
-0.035567787208750014,-0.09955343590478001,0.19651299942668893,0.0253081997934318,1.6266574823448128,33.06898269905313,30.200558867006237,0.17143867046313735,1041.2617216755216,8.116643222840768,1049.3783648983624,0.0
-0.03235107319574612,-0.024661837664272,0.19510157121767863,-0.042231227940895746,1.6069453503298265,22.755030377822102,37.944856392660114,0.18022538156548218,1045.8521528623005,5.913170228945037,1051.7653230912456,0.0
0.017591874568933755,0.05809245048769583,0.18897740653603495,-0.015620437863875535,1.5996895744796895,31.25580486095008,36.41838432348109,0.03980698576497523,1065.2647245370754,25.84337980060687,1091.1081043376823,0.0
-0.03901705038160941,0.013412316118270946,0.13076446338345818,-0.04715437542971608,1.579445675902975,28.78371787309061,42.661175849344986,0.276880014892337,1080.5529282742436,4.001045011124515,1084.553973285368,0.0
-0.024321593907832322,0.06464657163996405,0.15137147893803338,0.004267094444157172,1.5798740950204901,24.677873331720026,42.76435031998382,1.21765786174417,1089.604604645806,1.7604445610592272,1091.3650492068653,0.0
-0.060352631561321146,0.07090207724309444,0.10448722019563589,0.06773287760970215,1.6028817260963417,41.5645002527928,42.25002733529432,0.08924997209110212,1095.4897712918382,13.032033048806044,1108.5218043406442,0.0
0.05796215481215622,-0.010338366946996747,0.08757117230606012,-0.02671570708994338,1.587691752549619,34.56076346866406,39.71740242717122,0.09986661008423221,1127.9111734343724,10.82404543219361,1138.735218866566,0.0
-0.033150627440992744,0.0070426686783132495,0.153095226642387,0.0001605953672487864,1.5884927736780514,36.19640041826342,28.65711695130279,0.035923193331171284,1145.7208141732517,28.06994116626076,1173.7907553395125,0.0
0.05580658865992201,-0.025746849573603858,0.13105044239841285,-0.05333102566507084,1.5981969631369486,37.64344346801844,33.85939209423442,0.1337388001813289,1166.7496224110591,8.308124326972813,1175.057746738032,0.0
0.0020270422085236113,0.05942746705985996,0.13356176892198673,0.01681463615839491,1.634929822525924,43.99397826673247,31.79004768872444,0.2568129078497644,1172.7262272240305,4.6109138116619475,1177.3371410356924,0.0
-0.028155308021194064,0.01687728691772005,0.2511546333525217,-0.0008097107576513773,1.6293298150490358,37.86312752518023,31.57992405885841,0.06764720794253563,1188.8985923901182,15.061605331892187,1203.9601977220104,0.0
-0.015024514855330167,-0.0035037948190295826,0.13700427835373857,-0.023322150369891378,1.6314877037453828,34.74680748332545,34.941208838345645,0.15961079112305143,1224.59963424118,6.343375056539335,1230.9430092977193,0.0
0.00030795058354477357,-0.06453778028470318,0.1687657356283344,-0.003072770215973335,1.6036954880016605,34.24272077012985,20.290423279970003,2.5601463792934966,1228.5517201715948,1.2480896374810757,1229.799809809076,0.0
-0.014813878246451723,-0.03545859395815034,0.21364314635158588,-0.042820384946778034,1.6272901004183045,38.60538003355843,21.801127022702392,0.09558625283886454,1230.7726387010898,10.811203772046003,1241.5838424731357,0.0
0.04061696454180037,-0.04417143055560022,0.20170160691221645,-0.03303772599697432,1.6351317120173843,36.75818611691197,32.66048305890172,0.10251129300513155,1268.6072749499572,10.519153182187605,1279.1264281321448,0.0
0.049934047188124386,0.0003430288822063004,0.1491239374705486,0.022684336587223394,1.6167220606240562,43.516935378418964,29.561711699330992,0.5038419352417902,1295.5108737013989,2.5037671200689715,1298.0146408214678,0.0
-0.02246859993775353,0.02941262740773597,0.24459773043413102,0.010475736724976946,1.620359033720497,42.682499902548074,20.48056690671554,0.6147938679830972,1295.9008425535858,1.9482456736858846,1297.8490882272717,0.0
-0.044741943168361324,-0.006624686133848558,0.22540440367169814,-0.03760027189790987,1.618805168121344,30.541133152271627,31.72359332652256,0.09926112629747749,1303.8956053542006,10.531318335912328,1314.426923690113,0.0
0.006978956409234674,0.0362585003995069,0.1227701270666807,0.018624713987383478,1.5731019860344193,39.88010089233432,20.083226720033288,0.6254347169425508,1322.449618980917,1.9025408076159795,1324.3521597885328,0.0
0.05986433147449014,-0.007087381317410326,0.17960907375185695,-0.009291659502138979,1.5815198673980786,33.740679284848106,32.170576530071536,0.07602972527587071,1326.6139162057125,13.888470734407765,1340.5023869401202,0.0
0.0039174044097904474,-0.06343401941072992,0.16547545873356193,0.041653471301759656,1.56631891955729,38.283727294830086,41.78820200026633,0.14249981834499245,1335.9981248918702,7.875362509070803,1343.873487400941,0.0
-0.03263936565402648,0.035336868356215176,0.1874875143339558,0.06693325091552584,1.5829210416154469,42.97840876221773,43.12216487183571,0.2978223764922985,1337.0630821640698,3.863771205229567,1340.9268533692994,0.0
-0.03430779390072044,0.0363903205957014,0.14844695668786145,0.05078712771621189,1.6224877647400917,32.38891334965904,36.88364998323394,0.20918278027318335,1337.163086275722,5.30942796434872,1342.4725142400707,0.0
-0.00334828203089434,0.07197173031937099,0.176746675576444,-0.0018264173181155832,1.6093420114939783,43.829476769246305,34.23309471463217,0.0748558634610035,1366.4430753011393,14.371619766583805,1380.814695067723,0.0
0.011077757466675739,-0.086287209278706,0.1782717553103914,-0.002498521886055861,1.6410672365335568,39.14207771773563,32.54494172424855,0.20449370637591618,1377.757314195458,6.441081951697299,1384.1983961471553,0.0
-0.03609619899186053,-0.001223429028286897,0.15115429515182627,-0.0020810713608745424,1.570016102506411,39.517833702549716,24.63413129939141,0.07064382014571423,1390.3874786513488,14.425914470504564,1404.8133931218533,0.0
0.045867193133856066,0.011673912977461886,0.2073223824480206,-0.012990630204088685,1.6079196874628963,42.95222445956371,30.639695620654646,2.7566650076996133,1390.7533230527024,0.8235542604825532,1391.576877313185,0.0
0.06504214148046242,0.025095516142909443,0.22550718306741963,-0.020569679865168857,1.610396170980769,23.580034543850054,44.534375079325,0.2063461128986136,1415.0918958203574,5.848730444473295,1420.9406262648308,0.0
-0.04377104941362288,0.007454235931909279,0.1798033724460117,0.0356201555133213,1.5793837974707938,36.604140077364875,33.71051540108016,0.6736284463302334,1420.1916334190937,1.8905090733690941,1422.0821424924627,0.0
0.03094984513466556,0.03893394301003496,0.18618169438181256,-0.016721899413127694,1.5977884517635257,29.577161818758356,40.13645705192479,0.057523846563557364,1452.754930558047,17.871666331847155,1470.626596889894,0.0
0.05208472144642348,-0.03362843441182733,0.16461680622101696,0.01809207160338471,1.5988044236686263,42.61218999323805,33.90698619104103,0.44867348470941515,1455.5541424774656,3.0191813762121438,1458.5733238536777,0.0
-0.10584297183801089,0.015460937990017897,0.1745644145328235,0.023603178713436087,1.6314555012542777,39.568614400805004,40.103625615630804,0.3207230301386832,1477.6755460121212,5.40397534384882,1483.07952135597,0.0
-0.020114884161643535,-0.053319323724905054,0.15796231908339964,0.010533615007711498,1.5734883943596285,22.11974499080933,30.739069442434584,0.24853570590382992,1495.7100973882043,4.699204956982712,1500.409302345187,0.0
-0.008883977673922705,-0.015119205438552783,0.1672476093536945,-0.01928211708367353,1.6277215878139397,34.10054077162728,25.488821030175767,0.12211959929042417,1519.6611721858453,8.263569300158208,1527.9247414860035,0.0
0.036782610202133435,0.007363770099875235,0.20297534755061758,0.04459141282032107,1.6238045482126253,42.855755019892214,30.801353279506035,0.15640325775670577,1524.4119906250708,6.709906071063016,1531.1218966961337,0.0
-0.03689872801791089,-0.026409812455333668,0.23619862871781544,0.02011857605917875,1.598534974309986,24.75236451280918,43.10769394540213,0.33802342685196457,1534.4337467520309,3.4260571924911534,1537.859803944522,0.0
0.00315699948535944,0.04545584714587401,0.13659189925463244,0.013024222378677256,1.5883318259211816,42.55185161866645,28.319036505543547,0.07531362104454836,1539.8751953181663,13.700061386582183,1553.5752567047484,0.0
0.05039175295672865,0.047244312233138464,0.1307918765728101,-0.02401630838522349,1.5454623019235767,41.2487355247944,44.796555910371126,0.18303065026357826,1543.870960373577,6.447732863676815,1550.3186932372537,0.0
-0.008503473418814952,0.04714408709821542,0.14115146201756787,-0.020093237629644517,1.5629644683750996,42.012574162196564,30.728453210418465,0.2730523738753799,1549.5252398174098,4.12949206834387,1553.6547318857536,0.0
-0.04025765160430206,-0.007812313032368904,0.20780064886807462,0.05938253340505963,1.6315426148184848,39.53459628366385,44.26739258715378,0.20575777134649478,1556.3753469215244,5.2554589822458055,1561.6308059037701,0.0
0.04844857675089205,0.009154819642908844,0.2328233252089651,0.004421185104966693,1.5885391042538166,39.61063342037796,35.76977208735018,0.4891369341232662,1579.1263429143846,2.5701594991173264,1581.696502413502,0.0
-0.02107230673147687,-0.024582991612462544,0.2462355307742532,0.02230925558382868,1.6315139470724567,37.20325374973578,32.65107669111764,0.6954554656797516,1597.5592281015888,1.7241917382448735,1599.2834198398336,0.0
0.07505826742353719,0.04621643946907543,0.1974350939934644,0.0006318118889822066,1.607025366022817,23.051549849962505,25.398750660253253,0.2597314318330272,1598.8985266241734,5.39789035388889,1604.2964169780623,0.0
-0.03620551073160225,-0.08108260621463832,0.21002812303093202,-0.016208880507423133,1.6557775843921043,34.99486980172789,41.34223391176277,0.26125502651888205,1626.385375882077,5.458320165897033,1631.843696047974,0.0
-0.08681659447757424,-0.030452557578855222,0.2212020973041696,0.02513485051511778,1.6277433937818362,43.87688597938171,34.079214356428125,0.11302223471170768,1628.507987289444,10.580628818278365,1639.0886161077224,0.0
0.000781889173335235,-0.00883027887293971,0.26943095568362363,0.010305760100520818,1.6237751312102704,35.12992378099194,37.45339780690914,0.2116432147097072,1646.3790238559368,4.853681148313754,1651.2327050042506,0.0
0.038620992139260096,0.05333583491681879,0.17593222133405637,-0.009782396438104319,1.5714868708379803,36.28637791673193,33.46776116947244,1.609148941363044,1656.537753473107,1.4760274473225785,1658.0137809204296,0.0
-0.0034725470539067028,0.0006391529966013802,0.15526092847668146,0.036850909593040965,1.5573468324047595,35.01801617289975,43.53594103412653,0.30197632820308,1676.3968470826603,3.3421620706846618,1679.739009153345,0.0
0.024372600286083203,0.021854621953433254,0.15728546658539977,0.007574341506651488,1.61302673012411,26.69215776136275,42.45918158895624,0.06936786344543647,1692.4277239204357,14.630255348076362,1707.057979268512,0.0
0.03646864962216112,0.016910231309959844,0.16377595312515167,0.006513869671748445,1.624233453081241,21.872996754581315,31.21655737652759,0.8470365661560326,1709.752622330533,1.50481116565118,1711.2574334961844,0.0
0.04820146182478375,0.04112875973738824,0.17566221558862025,-0.03259480373287812,1.592109695633564,23.736887904344655,43.01265354266099,0.4790915735918251,1738.0744779216802,2.8924731762046734,1740.966951097885,0.0
-0.06914211694175082,-0.04228969486216161,0.2185861838893435,-0.009759800155645842,1.61497515195126,36.773688614156406,28.66918637646893,0.09985169361468876,1742.8904608223747,11.362950373966452,1754.2534111963412,0.0
0.006847172350456513,-0.01775873456575415,0.18862348880311217,0.03961197209541797,1.607349902078609,39.66430953333974,30.61041639746155,0.231100330075862,1748.475668809132,4.427846197256088,1752.903515006388,0.0
0.015184001657051867,0.06830796810520241,0.18224958105229805,0.02133317780251413,1.6265040830984454,36.73990988413221,32.56157723718238,0.41355291679725054,1752.9934287683946,3.3820958642414967,1756.3755246326361,0.0
0.0063182939005792735,0.0059662870697413176,0.16803686704019044,0.014927647877979733,1.6278627621600363,38.237603065191536,44.013554720299126,0.11987078017970303,1758.4906584081627,8.362027865293378,1766.8526862734561,0.0
-0.015230313236366614,-0.02208682393740115,0.12241559472731894,-0.018875259530358884,1.580950582829223,43.58431306819645,25.523617872358937,0.1541060663588944,1762.5169315473495,6.683142079707873,1769.2000736270575,0.0
0.00031433963776761244,-0.049360880986502514,0.1948910376221605,-0.028490086246815795,1.6360596480190865,32.66961622748372,29.03306506861242,0.29536351506735986,1768.0995535816805,3.9092266565065317,1772.008780238187,0.0
-0.029357824625184138,0.040023348912579235,0.1711312345366748,0.0248341475060099,1.6208652182172867,37.54088983593628,38.15878363451911,0.9651312459115207,1772.6673897492283,1.5221175647329503,1774.1895073139613,0.0
-0.011651562053172882,0.024024044093652344,0.1280009265042412,0.0051194651784370986,1.5777658465610314,29.698813817562097,44.2132413595224,0.11213435366990748,1777.2110088669015,9.083182866207112,1786.2941917331086,0.0
-0.052013435550895645,0.008765049401326799,0.20190506785965737,0.010692554085916984,1.6299352806268506,43.591351820389434,28.698749012727248,1.1114312396365633,1778.7427315677355,1.461655583001656,1780.2043871507371,0.0
0.012156347355219584,-0.021441175823346266,0.17763859719638123,-0.03505072280041631,1.578662013565601,43.40505653075448,29.82010198690128,0.9392969894197932,1817.8238310727152,1.211749541959026,1819.0355806146742,0.0
-0.046368847787994265,-0.06139811996530112,0.22509330261149144,-0.012057519249120177,1.5915987078435674,40.32025667716388,43.00639837045071,0.1505246839624293,1827.8775080985947,7.877483561820665,1835.7549916604153,0.0
-0.05719348138801119,-0.028962096548526828,0.17163035313073247,0.0045960068422984165,1.5887681355634677,43.77911737770215,25.710784100976777,0.08850752432626673,1832.439959837624,12.128280271300472,1844.5682401089246,0.0
0.007429244045954969,0.06449207734011299,0.17529549887911494,-0.0073780889453967345,1.583766227814949,40.99490564163562,43.5007403958828,1.5036200639511035,1834.6558453603657,1.4869820295325362,1836.1428273898982,0.0
0.02478287125822907,0.026525456003813758,0.17633258133146912,0.008521842092904524,1.605296523081379,41.83741932394916,29.99380462180319,3.1269267639826697,1867.247749629374,0.5765836872471515,1867.8243333166213,0.0
-0.002667717486605366,-0.006943626111123953,0.1750983699827905,-0.03665388246097674,1.5881710886674978,29.577142460468483,34.67312074164852,0.5408361561842528,1879.137181007237,1.8799927819102904,1881.0171737891471,0.0
-0.009851480108476543,-0.06898421548561398,0.1919058989275735,-0.02717559976728368,1.6353303167310995,41.266635374363176,34.00956981238514,0.27458564763757803,1891.367489070226,4.653362928174083,1896.0208519984,0.0
-0.007814918581383635,-0.011597555842778705,0.2270860755469233,0.010088478469956098,1.5927444420401342,37.63939299126703,32.672970757975996,0.131377441939736,1910.375945506748,7.687231592314764,1918.0631770990626,0.0
0.03182738515659394,0.048571689825344086,0.23105038336440795,0.008906350719915893,1.6265197993238274,36.530321036335835,30.63101209389459,0.32775790235395635,1941.5850276279816,3.7498121400384443,1945.3348397680202,0.0
0.004635100828487721,0.024603605652835092,0.21425691209886336,-0.0006566714424023538,1.6328398295189261,42.41659271505074,40.207551661413206,1.4038367879347466,1950.7746856530848,0.8499708467082477,1951.624656499793,0.0
-0.014558702324800207,-0.015075845523104087,0.17632968923982303,0.028676232384169463,1.6221984357685582,28.804745886241996,38.099627388015904,0.16653975374447058,1954.4574607525556,6.108747470512604,1960.566208223068,0.0
-0.01775777836447489,-0.06627501336069823,0.17920906455330243,0.008354911646751116,1.5931468592496225,24.52375358535523,31.264773835949313,0.6470522723255986,1982.37618786627,2.510886247818691,1984.8870741140886,0.0
0.01703846265468072,0.06818734283598575,0.1624828279926061,0.028056706296325024,1.609001814806982,42.03458686118208,35.38827643517846,0.457559341539889,1989.52819576196,3.1628682629596456,1992.6910640249196,0.0
0.0021519695071199594,-0.0021190821939693714,0.18228343358160867,-0.02941747600188003,1.6101864123855014,25.84403151571907,40.64714357046522,0.1430671785290789,2039.6341113421176,7.004234759066846,2046.6383461011844,0.0
-0.020836821488289328,-0.06113029450187973,0.19401978766329162,0.01707093971093494,1.6004208229286345,27.28733965105873,39.69478049971196,0.3075643706590816,2040.1993984000546,4.113499922813552,2044.3128983228683,0.0
0.03573269982648178,0.02884915256567746,0.20605342202029794,-0.017829564753467073,1.5769644372975384,42.226273870654424,39.59919342214063,0.7773986917282547,2068.82532763893,1.7165034382619748,2070.541831077192,0.0
-0.04753639632836711,0.005181308287478672,0.19193204070408348,0.013117797334933845,1.6321817616384047,24.411912542258648,40.94133049036388,0.5065111946668814,2082.3992091930327,2.434858121100681,2084.8340673141333,0.0
0.06831784704085839,-0.008699468922987357,0.15892878954144424,-0.02876515113217586,1.5934554524790634,43.387970934577936,44.1452136320542,0.5799232650344297,2088.818623293436,2.6954957169301412,2091.514119010366,0.0
-0.03623000827715123,0.015354447757873372,0.14603962150291233,0.018909583608598058,1.5747396808412057,25.83459236869568,43.235600613916844,0.3178440067954109,2101.6700912871065,3.4665553186101294,2105.1366466057166,0.0
0.019361345407638286,-0.04881511629061149,0.17970313185048878,-0.008550620504840676,1.6155319811557183,26.770105495809624,33.27368081392187,0.5129783422293804,2114.483668627522,2.5217510746932525,2117.0054197022155,4.4e-323
0.01841881959803375,0.04611323922266075,0.22548111030018583,0.011733869820025408,1.5941084603619162,39.37643162577078,36.86250850898715,0.7073108131722461,2116.708469385016,1.9227830985949947,2118.631252483611,4.5e-322
-0.034842455407992134,0.0027263302360111875,0.20453696307619965,0.01433479489197503,1.6377494548200224,38.386454499675224,39.98356324234348,0.31586758410496807,2133.350293594549,3.423438387082643,2136.7737319816315,6.84100529e-315
-0.0006300037415553535,0.022720885912339204,0.19960723380643686,0.03503000694081038,1.5963977218449001,43.778866718359495,44.37366444264098,0.7352509005217194,2134.2545501172704,1.476916085358142,2135.7314662026283,2.3738935355e-314
-0.01996865549211508,-0.03454759000960337,0.18483282099383933,0.024003205294758453,1.5911391871836098,37.405562245333556,29.309188157360396,0.9705482735477686,2145.1305068810925,1.3681660832544442,2146.498672964347,8.93737000489753e-310
0.027124627134802876,-0.00016878183606734752,0.15831853719426037,0.02395910627072972,1.6104086949894678,38.236498401758794,32.937899573978946,0.22526492727756156,2149.0065621791246,4.600196174113844,2153.6067583532385,4.400103322870677e-308
0.006446135355688642,0.042979090951840916,0.20317115881223657,-0.006950228909341698,1.6114736355897898,20.91282165717067,22.185093623710927,0.5853903823110218,2151.51020344996,2.080697258301272,2153.5909007082614,5.7017761071375425e-307
-0.02502009506454398,0.02471855579188325,0.23146908482319553,-0.002762922911222894,1.6062642564356393,39.764099454178606,33.04499179054463,0.24448843514262725,2158.11799965564,4.364399656415467,2162.4823993120553,3.910063310301773e-304
0.02907613562942022,-0.014512913059024718,0.19657467448108729,-0.016342897700259814,1.5772604755196387,37.77522723512163,35.68303127665688,0.7117774522985324,2185.9436041960425,1.633219019897501,2187.57682321594,4.743560892634974e-292
-0.01961940990747016,0.004140765308357176,0.2384828615335589,0.00017645202960506906,1.6206054751185373,39.81863807100666,39.6178005268558,1.134251659108456,2209.5856767135356,1.0078808708148213,2210.5935575843505,8.784683418935207e-282
-0.0535651476914555,-0.014659031781952266,0.16501823109319824,0.0014205311651721818,1.577193250029189,37.04247050766361,38.12837307239286,1.0025500607721824,2215.280958783316,1.6196542715886322,2216.9006130549046,2.6218826430923062e-279
-0.04930940160339999,-0.008456274855238416,0.17805869445585631,-0.004104294653012857,1.5869894661889024,27.661918377745003,31.422462429698115,1.1244844925979822,2238.435774623178,1.3906117976818635,2239.8263864208598,2.972791425144727e-269
0.00782226899371296,0.036074487004352146,0.18451554047254534,0.02382023439312613,1.5903639802333236,23.182478135669406,30.78138556102004,1.1099238068622725,2255.0492942543324,1.1691422554748394,2256.2184365098074,4.878927524954727e-262
0.009970212003808578,0.007950805988388487,0.16603324190551552,0.026317150250949325,1.6133816181953284,44.91668691296609,21.801385510517484,0.46897081509791244,2277.5398928249256,2.1734424660470064,2279.7133352909727,2.8567168364205917e-252
-0.02844556190290049,-0.00569475600751421,0.2148004141569638,0.010034351387429322,1.5943602296566102,38.542998821102714,41.714544111485964,1.3172194044803185,2302.1300407917774,0.9469209007905396,2303.076961692568,1.3653146977889619e-241
-0.03560246520824475,-0.020286921081676127,0.2301577017913151,0.01470545440597016,1.6085980446074668,38.26080127870702,27.416972221422398,0.30806909342983235,2303.2150715865705,3.6250338578846626,2306.8401054444553,5.406005809754611e-241
-0.014818162230136933,-0.00981213399055775,0.17737449680107403,0.007026592517716887,1.6297170675488704,26.646739595179238,36.63164585395461,0.734124408247662,2477.3509083698846,1.431407788399285,2478.7823161582837,1.7087899021335575e-165
-0.012266107369685352,-0.027282715238637487,0.14683487255696553,0.004628431546638728,1.600708587387984,41.64392295242391,38.608928055447436,1.6364478803514348,2543.5729101058123,0.8109033787497131,2544.383813484562,9.829662427570618e-137
0.024610928439027156,0.004655903266729973,0.17050742493484108,-0.01705607710869228,1.6086651606777445,27.31205787901638,37.70285444941513,0.3556790071297005,2587.4949335518286,2.9416048973165125,2590.4365384491452,1.1685061973517593e-117
0.0063183311156236495,0.02013648332126265,0.2135620862501234,0.003401022155487142,1.593981150057586,22.58172973399073,41.389647481188405,0.3115464313058727,2588.667244353027,3.3090846364512845,2591.976328989478,4.942134600872839e-117
-0.03347128847828478,0.011241219631719862,0.1931912423062797,0.011573314155209322,1.6038966164856825,24.42691071734017,39.22233828580686,1.4604920897015643,2708.291562622928,0.9328683420399685,2709.2244309649677,3.380184906531474e-65
0.0041068235741819545,-0.031747046630221064,0.1700654472982565,0.0007550344588493878,1.5915272734403005,43.45957355529656,25.474793843912764,0.3026955415526725,2715.261516355732,3.5212988335740123,2718.782815189306,3.600483431732756e-62
-0.011967750254403435,0.0005161054595193158,0.20434663318557708,0.009189294280589956,1.596149011126307,38.26799391510866,28.76726557170764,1.2098153260561977,2856.741663253468,0.8648107694257764,2857.6064740228935,1.0
